,id,full_text,tokens,date,sentiment
208780,1240761345580163073,Working from home is not too bad after all. The city is in a lockdown mode now. Let‚Äôs work together to stop spreading Coronavirus.  #coronavirus #socialdistancing #socialdistancing2020 #covid-19 #lockdown2020‚Ä¶,"['working', 'home', 'bad', 'city', 'lockdown', 'mode', 'lets', 'work', 'together', 'stop', 'spreading', 'coronavirus', 'coronavirus', 'socialdistancing', 'socialdistancing2020', 'covid19', 'lockdown2020']",2020-03-19,-0.6999999999999991
49652,1254475379168833536,"@SenTomCotton Aren‚Äôt you pulling a Devin Nunes with that idiot from Texas and trying to sue China for the spread of the coronavirus...while your state of Arkansas practices blatant anti social distancing that directly causes the spread of coronavirus?
So I guess we can sue you too...right?","['arent', 'pulling', 'devin', 'nunes', 'idiot', 'texas', 'trying', 'sue', 'china', 'spread', 'coronaviruswhile', 'state', 'arkansas', 'practices', 'blatant', 'anti', 'social', 'distancing', 'directly', 'causes', 'spread', 'coronavirus', 'guess', 'sue', 'tooright']",2020-04-26,-0.291666666666666
126657,1259605911808720899,"As restrictions ease South Korea records new Covid-19 cases, social distancing rules flouted in Italy #asia #coronaviruspandemic #uk-europe #video #world","['restrictions', 'ease', 'south', 'korea', 'records', 'new', 'covid19', 'cases', 'social', 'distancing', 'rules', 'flouted', 'italy', 'asia', 'coronaviruspandemic', 'ukeurope', 'video', 'world']",2020-05-10,0.08484848484848401
160514,1261939512231571460,"There have been 10 confirmed cases of #COVID19 in #Seychelles up to this moment, of which 0 people died (0 today). There are  no patients in critical condition. #WearAMask #SocialDistancing","['10', 'confirmed', 'cases', 'covid19', 'seychelles', 'moment', '0', 'people', 'died', '0', 'today', 'patients', 'critical', 'condition', 'wearamask', 'socialdistancing']",2020-05-17,0.2
93933,1257972535339003904,Coronavirus: South Korea records zero domestic cases for third successive day as social distancing relaxes #Coronavirus,"['coronavirus', 'south', 'korea', 'records', 'zero', 'domestic', 'cases', 'third', 'successive', 'day', 'social', 'distancing', 'relaxes', 'coronavirus']",2020-05-06,0.011111111111111
114908,1257794209207037952,"Hmmmmm... #COVID19 infections rising in the same rural areas where trump's people...the ones thinking it's a #CoronaHoax, that it's overblown...are. #CovidIdiots
#SocialDistancing #COVIDIOTS
#covidhoax #CovidiotInChief #COVIDIOT...seeing a theme here?","['hmmmmm', 'covid19', 'infections', 'rising', 'rural', 'areas', 'trumps', 'peoplethe', 'ones', 'thinking', 'coronahoax', 'overblownare', 'covididiots', 'socialdistancing', 'covidiots', 'covidhoax', 'covidiotinchief', 'covidiotseeing', 'theme']",2020-05-05,0.0
115111,1257810579756060672,"The IHME models were made on a set of assumptions, like actual social distancing by people, that never occurred. The new model is based on assumptions of #TestTraceIsolate that won't happen either. This will be #GOPGenocide","['ihme', 'models', 'made', 'set', 'assumptions', 'like', 'actual', 'social', 'distancing', 'people', 'never', 'occurred', 'new', 'model', 'based', 'assumptions', 'testtraceisolate', 'wont', 'happen', 'either', 'gopgenocide']",2020-05-05,0.05656565656565601
156604,1261036628916789248,"All wards @Covid19Nvg have there perculiarities and that of Television axis was no exception. The ward coordinator saw a need to preach social distancing, wearing of face mask, and also as part of service to humanity. Put by @ncdcgov  and; @govkaduna to fight against Covid-19 #NCDC","['wards', 'perculiarities', 'television', 'axis', 'exception', 'ward', 'coordinator', 'saw', 'need', 'preach', 'social', 'distancing', 'wearing', 'face', 'mask', 'also', 'part', 'service', 'humanity', 'put', 'fight', 'covid19', 'ncdc']",2020-05-14,0.033333333333333
327272,1248997869413163008,@CHRlSBLAlN Sorry to hear of your loss... I have family members that have lost people to COVID-19 as well and it infuriates me to see people flouting social distancing üòû,"['sorry', 'hear', 'loss', 'family', 'members', 'lost', 'people', 'covid19', 'well', 'infuriates', 'see', 'people', 'flouting', 'social', 'distancing']",2020-04-11,-0.23333333333333303
332740,1248325248426168323,NEW on the Bayshore blog: We answer common questions about #socialdistancing and how it helps you and your loved ones avoid catching the #COVID19 virus.,"['new', 'bayshore', 'blog', 'answer', 'common', 'questions', 'socialdistancing', 'helps', 'loved', 'ones', 'avoid', 'catching', 'covid19', 'virus']",2020-04-09,0.284090909090909
352845,1251039417306923009,"Thank you @SpokespersonGoK @MOH_Kenya, happy to be a part of this national initiative.
@BizFightsCorona 
#WashYourHands #WearAMask #SocialDistancing #StayHome","['thank', 'happy', 'part', 'national', 'initiative', 'washyourhands', 'wearamask', 'socialdistancing', 'stayhome']",2020-04-17,0.8
351012,1248013196536901632,"People who assiduously social #distance in their home cities think little of packing into #ski resorts. While the slopes may be distanced, ski #lodges, dressing #rooms, and #restaurants aren‚Äôt well social distanced, people! 
ü¶†ü¶†‚õ∑ü¶†üèÇü¶†ü¶†","['people', 'assiduously', 'social', 'distance', 'home', 'cities', 'think', 'little', 'packing', 'ski', 'resorts', 'slopes', 'may', 'distanced', 'ski', 'lodges', 'dressing', 'rooms', 'restaurants', 'arent', 'well', 'social', 'distanced', 'people']",2020-04-08,-0.037500000000000006
109713,1257128063831171072,"@staronline What about ppl gather around with no social distancing ? Will PDRM catch them ? 
Cost of covid-19 test should be FOC for all Malaysians. Foreigners pay 3x the cost. 
Mass gathering at all places of  worship, parks, gym, should not be allowed till end of the year.","['ppl', 'gather', 'around', 'social', 'distancing', 'pdrm', 'catch', 'cost', 'covid19', 'test', 'foc', 'malaysians', 'foreigners', 'pay', '3x', 'cost', 'mass', 'gathering', 'places', 'worship', 'parks', 'gym', 'allowed', 'till', 'end', 'year']",2020-05-04,-0.016666666666666
177892,1238574473206530049,Tactile people now that Coronavirus has increased social distancing and; expanded people's personal space radius:,"['tactile', 'people', 'coronavirus', 'increased', 'social', 'distancing', 'expanded', 'peoples', 'personal', 'space', 'radius']",2020-03-13,0.016666666666666
330423,1248155573792559104,"[#COVID19 | #scene] 
| #SouthKorea
#NewNormal: non-face-to-face
(Digital Communication)
- New Wave
: A wise way to practice #SocialDistancing #DriveThru 
üöòüç†ü•¨ü•íüçéüçìüçäüêüü¶Ä

#OvercomeTogether
#Shopping
#peopleüôå","['covid19', 'scene', 'southkorea', 'newnormal', 'nonfacetoface', 'digital', 'communication', 'new', 'wave', 'wise', 'way', 'practice', 'socialdistancing', 'drivethru', 'overcometogether', 'shopping', 'people']",2020-04-09,0.27878787878787803
191850,1240051727740649477,"In response to concerns with spread of #COVID19 and following recommendations from the @CDCgov and @CookCtyHealth, my  office has been working remotely whenever possible since Monday and will continue to encourage and practice #socialdistancing","['response', 'concerns', 'spread', 'covid19', 'following', 'recommendations', 'office', 'working', 'remotely', 'whenever', 'possible', 'since', 'monday', 'continue', 'encourage', 'practice', 'socialdistancing']",2020-03-17,-0.033333333333333
322979,1247251858206240768,"#BreakingNews #COVID19 #Trump #SocialDistancing #NewsAlert #Covid_19 #Quarantine #British

WORLD...

Is @BorisJohnson in the ICU?","['breakingnews', 'covid19', 'trump', 'socialdistancing', 'newsalert', 'covid_19', 'quarantine', 'british', 'world', 'icu']",2020-04-06,0.0
196781,1239272233421418500,This was such a great article in helping me understand (visually!) the impact of social distancing.,"['great', 'article', 'helping', 'understand', 'visually', 'impact', 'social', 'distancing']",2020-03-15,0.208333333333333
225225,1241247436342845445,"Isolation, social distancing, masks... these are what contained the virus in China. And by pulling medics elsewhere to Hubei, it lowered the fatality. üëâüèªCoronavirus: China reports the first day of no new cases - BBC News  Êù•Ëá™ @YouTube","['isolation', 'social', 'distancing', 'masks', 'contained', 'virus', 'china', 'pulling', 'medics', 'elsewhere', 'hubei', 'lowered', 'fatality', 'coronavirus', 'china', 'reports', 'first', 'day', 'new', 'cases', 'bbc', 'news', 'Êù•Ëá™']",2020-03-21,0.071717171717171
303596,1246702595017670656,"The entire world is battling for life. 

Healthcare workers are risking their lives and their safety to save you. 

Please do you part and stay home. It's a small step, but it can achieve the purpose. 

#letsDefeatCorona #OdishaFightsCorona #Coronavirus #COVID19 #SocialDistancing","['entire', 'world', 'battling', 'life', 'healthcare', 'workers', 'risking', 'lives', 'safety', 'save', 'please', 'part', 'stay', 'home', 'small', 'step', 'achieve', 'purpose', 'letsdefeatcorona', 'odishafightscorona', 'coronavirus', 'covid19', 'socialdistancing']",2020-04-05,-0.125
196424,1239254252662534146,#COVID19 social distancing just got more fun - power is out for most of #cheyenne #wyoming,"['covid19', 'social', 'distancing', 'got', 'fun', 'power', 'cheyenne', 'wyoming']",2020-03-15,0.33333333333333304
29043,1252660128739975169,B2B brands are forced to make authentic connections with their audiences via social while the world practices ‚Äòsocial distancing‚Äô. #coronavirus #contentmarketing #smm,"['b2b', 'brands', 'forced', 'make', 'authentic', 'connections', 'audiences', 'via', 'social', 'world', 'practices', 'social', 'distancing', 'coronavirus', 'contentmarketing', 'smm']",2020-04-21,0.066666666666666
354352,1251110703085256704,"If one still has doubts about the effectiveness of #SocialDistancing to combat the spread of #Covid19, check out this 3-D simulation by the @nytimes  #Coronavirus","['one', 'still', 'doubts', 'effectiveness', 'socialdistancing', 'combat', 'spread', 'covid19', 'check', '3d', 'simulation', 'coronavirus']",2020-04-17,0.0
65014,1253695722853142528,"Social Distancing
Read more about it on my blog. #Fujifilm #fujifilm_xseries #X100V #streetphotography #35mm #cologne during #covid19  (","['social', 'distancing', 'read', 'blog', 'fujifilm', 'fujifilm_xseries', 'x100v', 'streetphotography', '35mm', 'cologne', 'covid19']",2020-04-24,0.266666666666666
337566,1248614471771156482,Top story: @OHdeptofhealth: 'Social distancing works. We are all #InThisTogetherOhio.  '  see more,"['top', 'story', 'social', 'distancing', 'works', 'inthistogetherohio', 'see']",2020-04-10,0.34444444444444405
161105,1261958858790129664,RT @robinmonotti: There is no correlation between social distancing and Covid19 deaths. There is between social distancing and transmission‚Ä¶,"['rt', 'correlation', 'social', 'distancing', 'covid19', 'deaths', 'social', 'distancing', 'transmission']",2020-05-17,0.033333333333333
66451,1253831674904948739,"As Georgia re-opens, an Atlanta-area salon tests limits of social distancing #UX via","['georgia', 'reopens', 'atlantaarea', 'salon', 'tests', 'limits', 'social', 'distancing', 'ux', 'via']",2020-04-24,0.033333333333333
69409,1256224560682319877,Park hangouts with your shadow is so 2020. #socialdistancing #covid19,"['park', 'hangouts', 'shadow', '2020', 'socialdistancing', 'covid19']",2020-05-01,0.0
187664,1239750090987716608,Tips on how to WORKOUT while SOCIAL DISTANCING during COVID-19 QUARANTINE!  via @YouTube,"['tips', 'workout', 'social', 'distancing', 'covid19', 'quarantine', 'via']",2020-03-17,0.041666666666666005
104417,1257481473583730689,"Indians Forgot About Social Distancing And Queued up to Buy Alcohol as Stores Finally Open. 
#coronavirus","['indians', 'forgot', 'social', 'distancing', 'queued', 'buy', 'alcohol', 'stores', 'finally', 'open', 'coronavirus']",2020-05-05,0.016666666666666
232904,1240958754608349184,"Prevention is better than Treatment .
01:Wash your hands frequently
02:Maintain social distancing
03: Practice respiratory hygiene
04: If you have fever, cough and difficulty breathing, seek medical care early
05: Cover your mouth with Mask #coronavirus  #COVID","['prevention', 'better', 'treatment', '01wash', 'hands', 'frequently', '02maintain', 'social', 'distancing', '03', 'practice', 'respiratory', 'hygiene', '04', 'fever', 'cough', 'difficulty', 'breathing', 'seek', 'medical', 'care', 'early', '05', 'cover', 'mouth', 'mask', 'coronavirus', 'covid']",2020-03-20,0.146666666666666
314450,1247439193430622215,Bill Gates on Fighting Coronavirus | The Daily Social Distancing Show  via @YouTube,"['bill', 'gates', 'fighting', 'coronavirus', 'daily', 'social', 'distancing', 'show', 'via']",2020-04-07,0.016666666666666
188628,1239831116695175168,"If you want to enhance social distancing as a measure to deal with the coronavirus spread, people need to have power and water at home  - @benkoku #CitiCBS","['want', 'enhance', 'social', 'distancing', 'measure', 'deal', 'coronavirus', 'spread', 'people', 'need', 'power', 'water', 'home', 'citicbs']",2020-03-17,0.033333333333333
202973,1240381496218865670,"We're still open, but please call before coming to our office. And make sure to check out the @CDCgov and @HealthNYGov for details and updates about COIVD-19.
.
.
.
#COVID19 #CoronaVirus #FlattenTheCurve #SocialDistancing #Prevention #StayHealthy #NYC #Harelm","['still', 'open', 'please', 'call', 'coming', 'office', 'make', 'sure', 'check', 'details', 'updates', 'coivd19', 'covid19', 'coronavirus', 'flattenthecurve', 'socialdistancing', 'prevention', 'stayhealthy', 'nyc', 'harelm']",2020-03-18,0.25
39586,1253012749006909447,I mean...you can street race AND social distance,"['meanyou', 'street', 'race', 'social', 'distance']",2020-04-22,0.033333333333333
173931,1237831851277864961,"Coronavirus Qand;A by ‚Å¶@VirusesImmunity‚Å©
Key points 
#SocialDistancing #WashYourHandsThoroughly  #CleanTheSurfaces #DontTouchFaceWithoutWashingHands 
#AvoidUnnecessaryTravel #AvoidGatherings

#CoronaVirusUpdate #CoronaOutbreak","['coronavirus', 'qanda', 'key', 'points', 'socialdistancing', 'washyourhandsthoroughly', 'cleanthesurfaces', 'donttouchfacewithoutwashinghands', 'avoidunnecessarytravel', 'avoidgatherings', 'coronavirusupdate', 'coronaoutbreak']",2020-03-11,0.0
34272,1252285892737273859,BBC News - Coronavirus: Banning cars made easier to aid social distancing,"['bbc', 'news', 'coronavirus', 'banning', 'cars', 'made', 'easier', 'aid', 'social', 'distancing']",2020-04-20,0.033333333333333
299693,1246440627224674312,Great visualization showing where people on spring break on one Ft. Lauderdale beach traveled to next #coronavirus  #SocialDistancing,"['great', 'visualization', 'showing', 'people', 'spring', 'break', 'one', 'ft', 'lauderdale', 'beach', 'traveled', 'next', 'coronavirus', 'socialdistancing']",2020-04-04,0.4
299595,1246434443524521984,That was a great attempt at social distancing. We began way before #covid19. All we have to do is increase the gap and stay safe.,"['great', 'attempt', 'social', 'distancing', 'began', 'way', 'covid19', 'increase', 'gap', 'stay', 'safe']",2020-04-04,0.44444444444444403
234470,1241044346771816454,"ICB is committed to protecting your safety and well-being during this evolving COVID-19 crisis. We've been closely monitoring the recommendations provided by officials. In support of social distancing, the class start of March 23 will be delayed until Monday, March 30.","['icb', 'committed', 'protecting', 'safety', 'wellbeing', 'evolving', 'covid19', 'crisis', 'weve', 'closely', 'monitoring', 'recommendations', 'provided', 'officials', 'support', 'social', 'distancing', 'class', 'start', 'march', '23', 'delayed', 'monday', 'march', '30']",2020-03-20,0.033333333333333
197415,1239306450645770240,"Social distancing is required, and immediately.
Herd immunity will not work.
As proven below, social distancing is what is needed.
Patient 31 in SK is (apparently) responsible for 80% of coronavirus infections in SK.","['social', 'distancing', 'required', 'immediately', 'herd', 'immunity', 'work', 'proven', 'social', 'distancing', 'needed', 'patient', '31', 'sk', 'apparently', 'responsible', '80', 'coronavirus', 'infections', 'sk']",2020-03-15,0.088888888888888
19430,1251624946389757952,"AIM Roads crews and; support services, along with #RoadMaintenance colleagues and; @TranBC partners thru BC continue their work thru the #Covid19 pandemic. #EssentialServices4u. We work so #Covid19Heroes can continue their work. #SocialDistancing is working! @DriveBC_TOK @TranBC_OKS","['aim', 'roads', 'crews', 'support', 'services', 'along', 'roadmaintenance', 'colleagues', 'partners', 'thru', 'bc', 'continue', 'work', 'thru', 'covid19', 'pandemic', 'essentialservices4u', 'work', 'covid19heroes', 'continue', 'work', 'socialdistancing', 'working']",2020-04-18,0.0
349306,1247911640684781568,"Can‚Äôt get thru on #Florida #unemployment site or call center? Link for mail-in form:  
#StayHome #COVID19 #bailout #coronavirus #floridaunemployment #floridashutdown #SocialDistancing #StayHomeSaveLives","['cant', 'get', 'thru', 'florida', 'unemployment', 'site', 'call', 'center', 'link', 'mailin', 'form', 'stayhome', 'covid19', 'bailout', 'coronavirus', 'floridaunemployment', 'floridashutdown', 'socialdistancing', 'stayhomesavelives']",2020-04-08,-0.1
43175,1253984802673483777,"#SocialDistancing For anyone that is not taking social distancing seriously, please, please watch this.","['socialdistancing', 'anyone', 'taking', 'social', 'distancing', 'seriously', 'please', 'please', 'watch']",2020-04-25,-0.15
333855,1248391347045720065,@seanhannity Think of all the lawyers out there waiting for the social distancing to end so they can greet future clients!!! üí∞.,"['think', 'lawyers', 'waiting', 'social', 'distancing', 'end', 'greet', 'future', 'clients']",2020-04-09,0.016666666666666
266046,1243578630250401792,"#SocialDistancing #CoronaLockdown #Coronavirus #COVID19 On  Listen great artists: Trapped by UVTraveler @uvtraveler Don't forget, click the link","['socialdistancing', 'coronalockdown', 'coronavirus', 'covid19', 'listen', 'great', 'artists', 'trapped', 'uvtraveler', 'dont', 'forget', 'click', 'link']",2020-03-27,0.30000000000000004
357208,1251312667140034561,NEW REVELATION-What if the virus is not a virus???  coronavirus update/expose‚Äô 4-2020 Open America ASAP! No masks needed. No social distancing needed. No fear. NORMAL LIFE AGAIN. Baseball. Jobs! What if?? Furlough Congress?? Today‚Äôs briefing is the BIG ONE.,"['new', 'revelationwhat', 'virus', 'virus', 'coronavirus', 'updateexpose', '42020', 'open', 'america', 'asap', 'masks', 'needed', 'social', 'distancing', 'needed', 'fear', 'normal', 'life', 'baseball', 'jobs', 'furlough', 'congress', 'todays', 'briefing', 'big', 'one']",2020-04-18,0.061439393939393
48682,1254411121899048960,"As Social Distancing Increases, Some Seattle Restaurants Bank on Gift Cards for Relief  via @EaterSeattle  #hope #hopeovercovid #covid19","['social', 'distancing', 'increases', 'seattle', 'restaurants', 'bank', 'gift', 'cards', 'relief', 'via', 'hope', 'hopeovercovid', 'covid19']",2020-04-26,0.033333333333333
347198,1247784808152875010,"Its natural to feel a bit demoralised when we #StayHome.  Looking at the positive, by #SafeAtHome and #SocialDistancing we are helping each other and the society at large. #COVID19","['natural', 'feel', 'bit', 'demoralised', 'stayhome', 'looking', 'positive', 'safeathome', 'socialdistancing', 'helping', 'society', 'large', 'covid19']",2020-04-08,0.10413961038961
328181,1249058760968081412,"Tweeps, social distancing is very important wherever you live.

But here in New York City üò∑üò∑üß§üß§ we are getting hit the hardest üò≠ so we must #StayAtHome 

If you do go out practice social distance also wear face masks and gloves.

#CoronavirusNewYork
#CoronavirusPandemic","['tweeps', 'social', 'distancing', 'important', 'wherever', 'live', 'new', 'york', 'city', 'getting', 'hit', 'hardest', 'must', 'stayathome', 'go', 'practice', 'social', 'distance', 'also', 'wear', 'face', 'masks', 'gloves', 'coronavirusnewyork', 'coronaviruspandemic']",2020-04-11,0.17187878787878702
317096,1247605624558497796,@ClayTravis Do you understand the concept of social distancing?? Italy completely shutdown the country in order to stop the spread of Coronavirus. It's called flattening the curve.,"['understand', 'concept', 'social', 'distancing', 'italy', 'completely', 'shutdown', 'country', 'order', 'stop', 'spread', 'coronavirus', 'called', 'flattening', 'curve']",2020-04-07,0.066666666666666
71382,1256507025141399553,"COVID-19 Virus Live updates!

COVID-19 latest update from Italy as of 2nd May, Binto Reports

#coronavirus #novelcorona #SIngaporeUpdate #CoronavirusLiveUpdate #MoHupdate #COVID19 #SGunited #washyourhands #StayHome #SocialDistancing #Italy #StayHome #StaySafe #Binto","['covid19', 'virus', 'live', 'updates', 'covid19', 'latest', 'update', 'italy', '2nd', 'may', 'binto', 'reports', 'coronavirus', 'novelcorona', 'singaporeupdate', 'coronavirusliveupdate', 'mohupdate', 'covid19', 'sgunited', 'washyourhands', 'stayhome', 'socialdistancing', 'italy', 'stayhome', 'staysafe', 'binto']",2020-05-02,0.223484848484848
212279,1241703981631582209,"This shows the importance of social distancing. If we reduce the number of people interacting with others this means there is a decrease in the speed of transmission, thus lower cases of COVID-19 and ultimately lower deaths. LISTEN TO THE ADVICE GIVEN!!","['shows', 'importance', 'social', 'distancing', 'reduce', 'number', 'people', 'interacting', 'others', 'means', 'decrease', 'speed', 'transmission', 'thus', 'lower', 'cases', 'covid19', 'ultimately', 'lower', 'deaths', 'listen', 'advice', 'given']",2020-03-22,0.016666666666666
336623,1248562693067476993,"@Xcellent_D @mitsaro1 @kankaniAwasak6 @itzprotein @segalink @RuggedyBaba @Imamofpeace Show me the nation across the globe with adequate health facilities to handle covid19 apart from social distance.  All Medical scopes failed, all ideologies emptied, the USA,UK you all hype daily insulting ur country has one of the highest death rates.Their people died helplessly","['show', 'nation', 'across', 'globe', 'adequate', 'health', 'facilities', 'handle', 'covid19', 'apart', 'social', 'distance', 'medical', 'scopes', 'failed', 'ideologies', 'emptied', 'usauk', 'hype', 'daily', 'insulting', 'ur', 'country', 'one', 'highest', 'death', 'ratestheir', 'people', 'died', 'helplessly']",2020-04-10,-0.18888888888888802
60630,1253372998091968514,Hey Anglers and Hunters! PLEASE READ THIS! It is up to us to be responsible users of the outdoors. Let‚Äôs be good examples and not the opposite. Check tweet below from @ofah. #getoutdoors #socialdistancing #hunting #fishing #responsible @KeepCanFishing @OODMag @OFAHGetOutdoors,"['hey', 'anglers', 'hunters', 'please', 'read', 'us', 'responsible', 'users', 'outdoors', 'lets', 'good', 'examples', 'opposite', 'check', 'tweet', 'getoutdoors', 'socialdistancing', 'hunting', 'fishing', 'responsible']",2020-04-23,0.274999999999999
291687,1245919807872159745,Have you shopped in a store with a human cashier in the past month? If you did you are not practicing social distancing at 6ft. Did you wear a mask to protect the cashier and via the cashier tens or hundreds of other customers? Did the cashier wear a mask?,"['shopped', 'store', 'human', 'cashier', 'past', 'month', 'practicing', 'social', 'distancing', '6ft', 'wear', 'mask', 'protect', 'cashier', 'via', 'cashier', 'tens', 'hundreds', 'customers', 'cashier', 'wear', 'mask']",2020-04-03,-0.085416666666666
224139,1242285060780429312,"The Daily Doggerel ‚Ññ 819: Battle Plan

Trump signals change in coronavirus strategy that could clash with health experts
Trump tweeted late Sunday that the White House would ‚Äòmake a decision‚Äô after 15-day period of social distancing ends

Writing in ‚Ä¶","['daily', 'doggerel', '819', 'battle', 'plan', 'trump', 'signals', 'change', 'coronavirus', 'strategy', 'could', 'clash', 'health', 'experts', 'trump', 'tweeted', 'late', 'sunday', 'white', 'house', 'would', 'make', 'decision', '15day', 'period', 'social', 'distancing', 'ends', 'writing']",2020-03-24,-0.066666666666666
144503,1261641208897601542,"Thank you @abc13Houston for spinning a #COVID narrative to support #reopentexas 
So many Texans are not wearing #Masks or practicing #SocialDistancing because of tweets like this","['thank', 'spinning', 'covid', 'narrative', 'support', 'reopentexas', 'many', 'texans', 'wearing', 'masks', 'practicing', 'socialdistancing', 'tweets', 'like']",2020-05-16,0.5
121638,1258756252412280832,Do any reporters ask them why they aren't wearing masks or practicing social distancing?,"['reporters', 'ask', 'arent', 'wearing', 'masks', 'practicing', 'social', 'distancing']",2020-05-08,0.033333333333333
9077,1250226095191920643,"@RepTrey Wow if you think that getting the economy back by eliminating social distancing is more important than the lives of American Citizens, I volunteer you as the first Tribute!  #COVID19 #StayHome #AllInIllinois","['wow', 'think', 'getting', 'economy', 'back', 'eliminating', 'social', 'distancing', 'important', 'lives', 'american', 'citizens', 'volunteer', 'first', 'tribute', 'covid19', 'stayhome', 'allinillinois']",2020-04-15,0.19226190476190402
119247,1259172119067402243,WE‚Äôve all been quick to have a pop at the government during COVID-19 but the media are the true villains of the piece. Any ignoring of social distancing is due their misinformation and @BBCNews filming that street party is quite simply a criminal abandonment of responsibility.,"['weve', 'quick', 'pop', 'government', 'covid19', 'media', 'true', 'villains', 'piece', 'ignoring', 'social', 'distancing', 'due', 'misinformation', 'filming', 'street', 'party', 'quite', 'simply', 'criminal', 'abandonment', 'responsibility']",2020-05-09,0.038333333333333004
197345,1239302184895787008,"An Update on the Coronavirus: Gov. Gavin Newsom has called for the closure of all bars, pubs, and wineries. He asked restaurants to cut their capacity by 50% to facilitate social distancing. Also, he called for home isolation for all seniors 65 and over.","['update', 'coronavirus', 'gov', 'gavin', 'newsom', 'called', 'closure', 'bars', 'pubs', 'wineries', 'asked', 'restaurants', 'cut', 'capacity', '50', 'facilitate', 'social', 'distancing', 'also', 'called', 'home', 'isolation', 'seniors', '65']",2020-03-15,0.033333333333333
201117,1240270578440966144,The situation is the COVID-19 #pandemic. Public health experts agree #socialdistancing and isolation is our route to minimizing the pandemic. So the basic set-up is this. [Yes I‚Äôm using social distance as a verb].,"['situation', 'covid19', 'pandemic', 'public', 'health', 'experts', 'agree', 'socialdistancing', 'isolation', 'route', 'minimizing', 'pandemic', 'basic', 'setup', 'yes', 'im', 'using', 'social', 'distance', 'verb']",2020-03-18,0.011111111111111
263988,1243459000290570240,"Quarantine also means that to avoid the risk of getting the virus one must practice safe health procedures, and to protect themselves and others have social distancing","['quarantine', 'also', 'means', 'avoid', 'risk', 'getting', 'virus', 'one', 'must', 'practice', 'safe', 'health', 'procedures', 'protect', 'others', 'social', 'distancing']",2020-03-27,0.266666666666666
159510,1261909105192517632,RT @MSharifpourMD: For those protesting social distancing (doubt they would read this) - a small group of my friends got together for lunch‚Ä¶,"['rt', 'protesting', 'social', 'distancing', 'doubt', 'would', 'read', 'small', 'group', 'friends', 'got', 'together', 'lunch']",2020-05-17,-0.108333333333333
336976,1248583525961515009,@benshephard My firm refuses to shut until the government tells them. It is impossible for us to work safely. What are my options? #coronavirus #SocialDistancing #StayHome,"['firm', 'refuses', 'shut', 'government', 'tells', 'impossible', 'us', 'work', 'safely', 'options', 'coronavirus', 'socialdistancing', 'stayhome']",2020-04-10,-0.12222222222222201
160276,1261931435155353601,"RT @DrRimmer: Cinemas will be allowed to reopen soon, but will social distancing restrictions make it viable?  #COVI‚Ä¶","['rt', 'cinemas', 'allowed', 'reopen', 'soon', 'social', 'distancing', 'restrictions', 'make', 'viable', 'covi']",2020-05-17,0.033333333333333
358810,1250331569434157058,"Coronavirus is product of evil: Boko Haram leader jabs Trump, mocks social distancing","['coronavirus', 'product', 'evil', 'boko', 'haram', 'leader', 'jabs', 'trump', 'mocks', 'social', 'distancing']",2020-04-15,-0.48333333333333306
131918,1260386435737227271,"@BaronDestructo Just wondering what the adult film industry's plans are for resuming their productions. They test the performers for STDs frequently, and I suspect that frequent testing for COVID-19 will be conducted. However, maintaining recommended social distancing would seem to be a problem.","['wondering', 'adult', 'film', 'industrys', 'plans', 'resuming', 'productions', 'test', 'performers', 'stds', 'frequently', 'suspect', 'frequent', 'testing', 'covid19', 'conducted', 'however', 'maintaining', 'recommended', 'social', 'distancing', 'would', 'seem', 'problem']",2020-05-13,0.08333333333333301
17193,1251464907368706049,"*LOCKDOWN OR NO LOCKDOWN
Amartya Sen . presence of disease kills people, and the absence of livelihood also kills pp

#Coronavirus
#COVID
#CoronavirusPandemic 
#Coronavirusindia
#StayHomeStaySafe
#SocialDistancing
#Quarantine
#CoronaupdatesIndia
#Lockdown","['lockdown', 'lockdown', 'amartya', 'sen', 'presence', 'disease', 'kills', 'people', 'absence', 'livelihood', 'also', 'kills', 'pp', 'coronavirus', 'covid', 'coronaviruspandemic', 'coronavirusindia', 'stayhomestaysafe', 'socialdistancing', 'quarantine', 'coronaupdatesindia', 'lockdown']",2020-04-18,-0.0125
228444,1241422854719262720,"The governor of NJ @GovMurphy just said ‚Äúif people are monkeying around we will take action.‚Äù
#coronavirus #lockdown #SocialDistancing","['governor', 'nj', 'said', 'people', 'monkeying', 'around', 'take', 'action', 'coronavirus', 'lockdown', 'socialdistancing']",2020-03-21,0.1
242947,1242310071427702784,we need fines for people who aren‚Äôt following the covid-19 social distancing protocols. It‚Äôs annoying af to be at home following the rules and that so many people aren‚Äôt doing this and so the rest of us are suffering as a result.,"['need', 'fines', 'people', 'arent', 'following', 'covid19', 'social', 'distancing', 'protocols', 'annoying', 'af', 'home', 'following', 'rules', 'many', 'people', 'arent', 'rest', 'us', 'suffering', 'result']",2020-03-24,-0.053333333333333004
99483,1257216104553988096,"Slow exit doesn't mean we have over come the pandemic. Be even more careful despite relaxations.

Maintain the social distance.
#COVID„Éº19

Slow release: On lockdown 3.0:","['slow', 'exit', 'doesnt', 'mean', 'come', 'pandemic', 'even', 'careful', 'despite', 'relaxations', 'maintain', 'social', 'distance', 'covid„Éº19', 'slow', 'release', 'lockdown', '30']",2020-05-04,-0.07986111111111101
365086,1249644187030609926,"We are asking everyone to #StayHomeSaveLives

If you must go out (basic necessities, medical need, exercise, essential travel) then ...

Be Smart, Stay 2 Metres Apart

For more information about social distancing visit:","['asking', 'everyone', 'stayhomesavelives', 'must', 'go', 'basic', 'necessities', 'medical', 'need', 'exercise', 'essential', 'travel', 'smart', 'stay', '2', 'metres', 'apart', 'information', 'social', 'distancing', 'visit']",2020-04-13,0.12460317460317401
167953,1262087653811462144,RT @unbotheredbliss: people just woke up and decided COVID19 was over. No mask. No social distancing. Just full blown natural selection.,"['rt', 'people', 'woke', 'decided', 'covid19', 'mask', 'social', 'distancing', 'full', 'blown', 'natural', 'selection']",2020-05-17,0.14444444444444401
284803,1244702570225885187,"Corporate conglomerates are interpreting ""social distancing"" with logo redesigns.","['corporate', 'conglomerates', 'interpreting', 'social', 'distancing', 'logo', 'redesigns']",2020-03-30,0.016666666666666
89977,1255186383897006080,"""It might feel perfectly normal to flout the call for social distancing every now and then [...] (but) right now, seemingly innocuous activities are the equivalent of raising a revolver - and then pulling the trigger"".

#SocialDistancing @Yascha_Mounk","['might', 'feel', 'perfectly', 'normal', 'flout', 'call', 'social', 'distancing', 'every', 'right', 'seemingly', 'innocuous', 'activities', 'equivalent', 'raising', 'revolver', 'pulling', 'trigger', 'socialdistancing']",2020-04-28,0.15634920634920602
282490,1244575914723282944,"The takedown came on the heels of a video, posted in the Infowars app last week and viewed by Wired, in which Jones disputed the¬†need for social distancing,¬†shelter in place, and¬†quarantine¬†efforts meant to slow the spread of the novel coronavirus.","['takedown', 'came', 'heels', 'video', 'posted', 'infowars', 'app', 'last', 'week', 'viewed', 'wired', 'jones', 'disputed', 'need', 'social', 'distancing', 'shelter', 'place', 'quarantine', 'efforts', 'meant', 'slow', 'spread', 'novel', 'coronavirus']",2020-03-30,-0.088888888888888
109443,1257112917423591431,@CrappieTime @RaychelTania They didn't close the subway at any time during the pandemic. They didn't shut down city busses. They put coronavirus patients in nursing homes. Complaining about people in Central Park on a summer day practicing social distancing is complete BS.,"['didnt', 'close', 'subway', 'time', 'pandemic', 'didnt', 'shut', 'city', 'busses', 'put', 'coronavirus', 'patients', 'nursing', 'homes', 'complaining', 'people', 'central', 'park', 'summer', 'day', 'practicing', 'social', 'distancing', 'complete', 'bs']",2020-05-04,-0.005555555555555001
191083,1240000208542580737,"@10DowningStreet @SkyNews @BBCNews #COVID19 They‚Äôre really not getting this ‚ÄòSocial Distancing‚Äô thing - do as I say, not as I do!!!","['covid19', 'theyre', 'really', 'getting', 'social', 'distancing', 'thing', 'say']",2020-03-17,-0.017447916666666
123486,1259408134168211456,"A sunday pic of our glorious chapel...and a memory of times past when social distancing was the last thing on our minds!

#university #maynooth #covid19 #covid19ireland","['sunday', 'pic', 'glorious', 'chapeland', 'memory', 'times', 'past', 'social', 'distancing', 'last', 'thing', 'minds', 'university', 'maynooth', 'covid19', 'covid19ireland']",2020-05-10,-0.07222222222222201
178649,1238734753999630339,Via @AlterNet: Social distancing is one thing ‚Äî but we can‚Äôt abandon our communities over coronavirus,"['via', 'social', 'distancing', 'one', 'thing', 'cant', 'abandon', 'communities', 'coronavirus']",2020-03-14,0.033333333333333
31807,1252127792872992769,"Bangladesh funeral attracts 100,000 people, shattering coronavirus social distancing rules | Fox News","['bangladesh', 'funeral', 'attracts', '100000', 'people', 'shattering', 'coronavirus', 'social', 'distancing', 'rules', 'fox', 'news']",2020-04-20,0.033333333333333
119251,1259172177003327488,"UPDATE ON EASING OF EXTREME SOCIAL DISTANCING

#EasingExtremeSocialDistancingBW #StayHomeSaveLives #covid19","['update', 'easing', 'extreme', 'social', 'distancing', 'easingextremesocialdistancingbw', 'stayhomesavelives', 'covid19']",2020-05-09,-0.045833333333333004
207658,1240690537415323649,California woman shares story of dad‚Äôs COVID-19 death to emphasize importance of social distance,"['california', 'woman', 'shares', 'story', 'dads', 'covid19', 'death', 'emphasize', 'importance', 'social', 'distance']",2020-03-19,0.033333333333333
105268,1256825195953881090,Social Distancing is the responsibility of all of us to reduce the spread of COVID-19 #AlizzCares,"['social', 'distancing', 'responsibility', 'us', 'reduce', 'spread', 'covid19', 'alizzcares']",2020-05-03,0.033333333333333
364260,1249595912831328256,"#SocialDistancing, #SelfIsolation, #RunningWater and; #Sanitation are luxuries for #IDPs who are particularly #vulnerable to #COVID19 due to #crowded conditions, lack of access to #WaSH facilities and; more. 
 
Quicker action must be taken to protect IDPs from COVID-19. #Ethiopia","['socialdistancing', 'selfisolation', 'runningwater', 'sanitation', 'luxuries', 'idps', 'particularly', 'vulnerable', 'covid19', 'due', 'crowded', 'conditions', 'lack', 'access', 'wash', 'facilities', 'quicker', 'action', 'must', 'taken', 'protect', 'idps', 'covid19', 'ethiopia']",2020-04-13,-0.006249999999999
113578,1257703371705856000,"Jellybeans question of the day- Mommy, how old will I be when Corina Virus goes away and I go outside again? üò≠ #Covid19 #SocialDistancing","['jellybeans', 'question', 'day', 'mommy', 'old', 'corina', 'virus', 'goes', 'away', 'go', 'outside', 'covid19', 'socialdistancing']",2020-05-05,0.05
303549,1246700159813246976,"""6 feet means 6 feet!"" Mute Swan Invades #SocialDistancing Space on the Boating Lake of Kearsney Abbey, #Dover, #Kent, UK. More at:  Photo taken 4th April 2020 during #Coronavirus #Lockdown #Bikeride. #AnimalsSocialDistancing #cycling  #birds #waterfowl","['6', 'feet', 'means', '6', 'feet', 'mute', 'swan', 'invades', 'socialdistancing', 'space', 'boating', 'lake', 'kearsney', 'abbey', 'dover', 'kent', 'uk', 'photo', 'taken', '4th', 'april', '2020', 'coronavirus', 'lockdown', 'bikeride', 'animalssocialdistancing', 'cycling', 'birds', 'waterfowl']",2020-04-05,0.5
292811,1245266905608278016,"This new year, stay safe and take care.

#budgetyear #financialyear #fiscalyear #newyear #new #financial #reporting #annualreports #april1st #workfromhome #stayhome #staysafe #coronavirus #remotework #socialdistancing #thisisAICL #theAICLway #teamAICL #lifeatAICL #thisishowwedoit","['new', 'year', 'stay', 'safe', 'take', 'care', 'budgetyear', 'financialyear', 'fiscalyear', 'newyear', 'new', 'financial', 'reporting', 'annualreports', 'april1st', 'workfromhome', 'stayhome', 'staysafe', 'coronavirus', 'remotework', 'socialdistancing', 'thisisaicl', 'theaiclway', 'teamaicl', 'lifeataicl', 'thisishowwedoit']",2020-04-01,0.193181818181818
104670,1257502872578580480,Update World Active Cases #COVID19  04/05/2020 #CoronaUpdates #COVID19Updates #CoronaOutbreak #CoronaVirusUpdates #CoronaPandemic #FightAgainstCorona #FightCOVID19 #FightCoronaTogether #WFH #StayAtHome #SocialDistancing #COVID„Éº19 #Covid_19 #COVID19indonesia,"['update', 'world', 'active', 'cases', 'covid19', '04052020', 'coronaupdates', 'covid19updates', 'coronaoutbreak', 'coronavirusupdates', 'coronapandemic', 'fightagainstcorona', 'fightcovid19', 'fightcoronatogether', 'wfh', 'stayathome', 'socialdistancing', 'covid„Éº19', 'covid_19', 'covid19indonesia']",2020-05-05,-0.133333333333333
311760,1246155518311370754,"What's the math behind social distancing? Let Jane Heffernan (@yorkuniversity, and one of the esteemed #mathematics experts participating in the Mathematical Modelling of #COVID19 task force) explain  ‚û°Ô∏è","['whats', 'math', 'behind', 'social', 'distancing', 'let', 'jane', 'heffernan', 'one', 'esteemed', 'mathematics', 'experts', 'participating', 'mathematical', 'modelling', 'covid19', 'task', 'force', 'explain']",2020-04-03,-0.12222222222222201
170723,1262117002275151872,RT @unbotheredbliss: people just woke up and decided COVID19 was over. No mask. No social distancing. Just full blown natural selection.,"['rt', 'people', 'woke', 'decided', 'covid19', 'mask', 'social', 'distancing', 'full', 'blown', 'natural', 'selection']",2020-05-17,0.14444444444444401
159655,1261913825600835584,RT @MSharifpourMD: For those protesting social distancing (doubt they would read this) - a small group of my friends got together for lunch‚Ä¶,"['rt', 'protesting', 'social', 'distancing', 'doubt', 'would', 'read', 'small', 'group', 'friends', 'got', 'together', 'lunch']",2020-05-17,-0.108333333333333
59514,1253299475164000258,@BDjite @VincentTarzia @penbo Would you be able to manage social distancing in a classroom Bruce? Instead of bandwagoning speak to a teacher about their struggles during this difficult time. Teachers must be immune to COVID-19 hey.,"['would', 'able', 'manage', 'social', 'distancing', 'classroom', 'bruce', 'instead', 'bandwagoning', 'speak', 'teacher', 'struggles', 'difficult', 'time', 'teachers', 'must', 'immune', 'covid19', 'hey']",2020-04-23,0.011111111111111
9232,1250234979487023110,Florida surgeon general removed from Governor DeSantis' coronavirus briefing after saying social distancing necessary until there's a vaccine,"['florida', 'surgeon', 'general', 'removed', 'governor', 'desantis', 'coronavirus', 'briefing', 'saying', 'social', 'distancing', 'necessary', 'theres', 'vaccine']",2020-04-15,0.027777777777777003
22908,1251885651449901056,Coronavirus Social Distance Violators Face $1K Fine: NYC Mayor,"['coronavirus', 'social', 'distance', 'violators', 'face', '1k', 'fine', 'nyc', 'mayor']",2020-04-19,0.225
342703,1249292229690175488,"We also know that through the power of God , through perseverance, through staying at home , through social distancing, through washing our hands regularly, we will also defeat this #coronavirus . Together we will beat this #COVID19Pandemic  .","['also', 'know', 'power', 'god', 'perseverance', 'staying', 'home', 'social', 'distancing', 'washing', 'hands', 'regularly', 'also', 'defeat', 'coronavirus', 'together', 'beat', 'covid19pandemic']",2020-04-12,0.016666666666666
98782,1257180011045416960,"@IPSHemant @BlrCityPolice Will this apply to politicians as well? There's enough evidence all over the news and social media of No Masks, and No Social Distancing. How many offences is too much? #COVID19","['apply', 'politicians', 'well', 'theres', 'enough', 'evidence', 'news', 'social', 'media', 'masks', 'social', 'distancing', 'many', 'offences', 'much', 'covid19']",2020-05-04,0.143333333333333
90087,1255193095525801989,"*Handwashing, social distancing and avoiding large gatherings remain most effective methods of preventing Covid-19

* Covid-19 treatment generally include Rehydration, Administration of medicines for treating fever and Medicines to prevent secondary bacterial infection","['handwashing', 'social', 'distancing', 'avoiding', 'large', 'gatherings', 'remain', 'effective', 'methods', 'preventing', 'covid19', 'covid19', 'treatment', 'generally', 'include', 'rehydration', 'administration', 'medicines', 'treating', 'fever', 'medicines', 'prevent', 'secondary', 'bacterial', 'infection']",2020-04-28,0.182936507936507
